,u1
m1,0
m10,1
m100,2
m1000,3
m1002,4
m1003,5
m1004,6
m1005,7
m1006,8
m1007,9
m1008,10
m1009,11
m101,12
m1010,13
m1011,14
m1012,15
m1013,16
m1014,17
m1015,18
m1016,19
m1017,20
m1018,21
m1019,22
m102,23
m1020,24
m1021,25
m1022,26
m1023,27
m1024,28
m1025,29
m1026,30
m1027,31
m1028,32
m1029,33
m103,34
m1030,35
m1031,36
m1032,37
m1033,38
m1034,39
m1035,40
m1036,41
m1037,42
m1038,43
m1039,44
m104,45
m1040,46
m1041,47
m1042,48
m1043,49
m1044,50
m1046,51
m1047,52
m1049,53
m105,54
m1050,55
m1051,56
m1053,57
m1054,58
m1055,59
m1056,60
m1057,61
m1058,62
m1059,63
m106,64
m1060,65
m1061,66
m1062,67
m1063,68
m1064,69
m1066,70
m1067,71
m1068,72
m1069,73
m107,74
m1070,75
m1071,76
m1073,77
m1076,78
m1077,79
m1078,80
m1079,81
m108,82
m1080,83
m1081,84
m1082,85
m1083,86
m1084,87
m1085,88
m1086,89
m1087,90
m1088,91
m1089,92
m1090,93
m1091,94
m1092,95
m1093,96
m1094,97
m1095,98
m1096,99
m15,501
m18,781
m21,1103
m27,1744
m3,2068
m9,3599
